<PulseFactorsProperties version="1.0">
  <title>Property List</title> 
  <link>http://PulseFactors.com/</link> 
  <description>XML Listing of All Properties</description> 
<Property>
  <Name>88 King</Name> 
  <Address>88 King</Address> 
  <District>SOMA Bxx</District> 
  <NumberUnits>0</NumberUnits> 
  <TotalSquarefeet>0</TotalSquarefeet> 
  <ClassRating>1.0</ClassRating> 
  <Developer>Tishman Speyer</Developer> 
  <PrincipleContact /> 
  <Architect>Stavi Architects</Architect> 
  <MarketingSalesCompany>Mark Company</MarketingSalesCompany> 
  <PrincipleLender /> 
  <MapPosX>13366</MapPosX> 
  <MapPosY>7776</MapPosY> 
  <BuildingImageURL>http://www.pulsefactors.com/data/BuildingImage.ashx?id=449</BuildingImageURL> 
  <CompetitiveLandscape>5;Selling complete</CompetitiveLandscape> 
  </Property>
<Property>
  <Name>88 Townsend</Name> 
  <Address>88 Townsend</Address> 
  <District>SOMA Bxx</District> 
  <NumberUnits>0</NumberUnits> 
  <TotalSquarefeet>0</TotalSquarefeet> 
  <ClassRating>1.0</ClassRating> 
  <Developer>Tishman Speyer</Developer> 
  <PrincipleContact /> 
  <Architect>Stavi Architects</Architect> 
  <MarketingSalesCompany>Mark Company</MarketingSalesCompany> 
  <PrincipleLender /> 
  <MapPosX>13814</MapPosX> 
  <MapPosY>9617</MapPosY> 
  <BuildingImageURL>http://www.pulsefactors.com/data/BuildingImage.ashx?id=450</BuildingImageURL> 
  <CompetitiveLandscape>4;Selling started</CompetitiveLandscape> 
  </Property>
<Property>
  <Name>140 S. Van Ness</Name> 
  <Address>140 S. Van Ness</Address> 
  <District>SOMA Bxx</District> 
  <NumberUnits>0</NumberUnits> 
  <TotalSquarefeet>0</TotalSquarefeet> 
  <ClassRating>1.0</ClassRating> 
  <Developer>Tishman Speyer</Developer> 
  <PrincipleContact /> 
  <Architect>Stavi Architects</Architect> 
  <MarketingSalesCompany>Mark Company</MarketingSalesCompany> 
  <PrincipleLender /> 
  <MapPosX>0</MapPosX> 
  <MapPosY>0</MapPosY> 
  <BuildingImageURL>http://www.pulsefactors.com/data/BuildingImage.ashx?id=451</BuildingImageURL> 
  <CompetitiveLandscape>5;Selling complete</CompetitiveLandscape> 
  </Property>
<Property>
  <Name>188 Minna</Name> 
  <Address>188 Minna</Address> 
  <District>SOMA Bxx</District> 
  <NumberUnits>0</NumberUnits> 
  <TotalSquarefeet>0</TotalSquarefeet> 
  <ClassRating>1.0</ClassRating> 
  <Developer>Tishman Speyer</Developer> 
  <PrincipleContact /> 
  <Architect>Stavi Architects</Architect> 
  <MarketingSalesCompany>Mark Company</MarketingSalesCompany> 
  <PrincipleLender /> 
  <MapPosX>5256</MapPosX> 
  <MapPosY>14851</MapPosY> 
  <BuildingImageURL>http://www.pulsefactors.com/data/BuildingImage.ashx?id=452</BuildingImageURL> 
  <CompetitiveLandscape>3;Planning approved</CompetitiveLandscape> 
  </Property>
<Property>
  <Name>199 New Montgomery</Name> 
  <Address>199 New Montgomery</Address> 
  <District>SOMA Bxx</District> 
  <NumberUnits>0</NumberUnits> 
  <TotalSquarefeet>0</TotalSquarefeet> 
  <ClassRating>1.0</ClassRating> 
  <Developer>Tishman Speyer</Developer> 
  <PrincipleContact /> 
  <Architect>Stavi Architects</Architect> 
  <MarketingSalesCompany>Mark Company</MarketingSalesCompany> 
  <PrincipleLender /> 
  <MapPosX>7091</MapPosX> 
  <MapPosY>15122</MapPosY> 
  <BuildingImageURL>http://www.pulsefactors.com/data/BuildingImage.ashx?id=453</BuildingImageURL> 
  <CompetitiveLandscape>2;In planning</CompetitiveLandscape> 
  </Property>
<Property>
  <Name>200 Brannan</Name> 
  <Address>200 Brannan</Address> 
  <District>SOMA Bxx</District> 
  <NumberUnits>0</NumberUnits> 
  <TotalSquarefeet>0</TotalSquarefeet> 
  <ClassRating>1.0</ClassRating> 
  <Developer>Tishman Speyer</Developer> 
  <PrincipleContact /> 
  <Architect>Stavi Architects</Architect> 
  <MarketingSalesCompany>Mark Company</MarketingSalesCompany> 
  <PrincipleLender /> 
  <MapPosX>13817</MapPosX> 
  <MapPosY>12186</MapPosY> 
  <BuildingImageURL>http://www.pulsefactors.com/data/BuildingImage.ashx?id=454</BuildingImageURL> 
  <CompetitiveLandscape>5;Selling complete</CompetitiveLandscape> 
  </Property>
<Property>
  <Name>The Brannan Bldg1</Name> 
  <Address>219 Brannan</Address> 
  <District>SOMA Bxx</District> 
  <NumberUnits>0</NumberUnits> 
  <TotalSquarefeet>0</TotalSquarefeet> 
  <ClassRating>1.0</ClassRating> 
  <Developer>Tishman Speyer</Developer> 
  <PrincipleContact /> 
  <Architect>Stavi Architects</Architect> 
  <MarketingSalesCompany>Mark Company</MarketingSalesCompany> 
  <PrincipleLender /> 
  <MapPosX>13781</MapPosX> 
  <MapPosY>11371</MapPosY> 
  <BuildingImageURL>http://www.pulsefactors.com/data/BuildingImage.ashx?id=455</BuildingImageURL> 
  <CompetitiveLandscape>5;Selling complete</CompetitiveLandscape> 
  </Property>
<Property>
  <Name>229 Brannan</Name> 
  <Address>229 Brannan</Address> 
  <District>SOMA Bxx</District> 
  <NumberUnits>0</NumberUnits> 
  <TotalSquarefeet>0</TotalSquarefeet> 
  <ClassRating>1.0</ClassRating> 
  <Developer>Tishman Speyer</Developer> 
  <PrincipleContact /> 
  <Architect>Stavi Architects</Architect> 
  <MarketingSalesCompany>Mark Company</MarketingSalesCompany> 
  <PrincipleLender /> 
  <MapPosX>13558</MapPosX> 
  <MapPosY>11195</MapPosY> 
  <BuildingImageURL>http://www.pulsefactors.com/data/BuildingImage.ashx?id=456</BuildingImageURL> 
  <CompetitiveLandscape>5;Selling complete</CompetitiveLandscape> 
  </Property>
<Property>
  <Name>239 Brannan</Name> 
  <Address>239 Brannan</Address> 
  <District>SOMA Bxx</District> 
  <NumberUnits>0</NumberUnits> 
  <TotalSquarefeet>0</TotalSquarefeet> 
  <ClassRating>1.0</ClassRating> 
  <Developer>Tishman Speyer</Developer> 
  <PrincipleContact /> 
  <Architect>Stavi Architects</Architect> 
  <MarketingSalesCompany>Mark Company</MarketingSalesCompany> 
  <PrincipleLender /> 
  <MapPosX>13382</MapPosX> 
  <MapPosY>11007</MapPosY> 
  <BuildingImageURL>http://www.pulsefactors.com/data/BuildingImage.ashx?id=457</BuildingImageURL> 
  <CompetitiveLandscape>5;Selling complete</CompetitiveLandscape> 
  </Property>
<Property>
  <Name>246 2nd</Name> 
  <Address>246 2nd</Address> 
  <District>SOMA Bxx</District> 
  <NumberUnits>0</NumberUnits> 
  <TotalSquarefeet>0</TotalSquarefeet> 
  <ClassRating>1.0</ClassRating> 
  <Developer>Tishman Speyer</Developer> 
  <PrincipleContact /> 
  <Architect>Stavi Architects</Architect> 
  <MarketingSalesCompany>Mark Company</MarketingSalesCompany> 
  <PrincipleLender /> 
  <MapPosX>8450</MapPosX> 
  <MapPosY>14252</MapPosY> 
  <BuildingImageURL>http://www.pulsefactors.com/data/BuildingImage.ashx?id=458</BuildingImageURL> 
  <CompetitiveLandscape>5;Selling complete</CompetitiveLandscape> 
  </Property>
<Property>
  <Name>255 Berry</Name> 
  <Address>255 Berry</Address> 
  <District>SOMA Bxx</District> 
  <NumberUnits>0</NumberUnits> 
  <TotalSquarefeet>0</TotalSquarefeet> 
  <ClassRating>1.0</ClassRating> 
  <Developer>Tishman Speyer</Developer> 
  <PrincipleContact /> 
  <Architect>Stavi Architects</Architect> 
  <MarketingSalesCompany>Mark Company</MarketingSalesCompany> 
  <PrincipleLender /> 
  <MapPosX>12294</MapPosX> 
  <MapPosY>5098</MapPosY> 
  <BuildingImageURL>http://www.pulsefactors.com/data/BuildingImage.ashx?id=459</BuildingImageURL> 
  <CompetitiveLandscape>5;Selling complete</CompetitiveLandscape> 
  </Property>
<Property>
  <Name>333 Grant</Name> 
  <Address>333 Grant</Address> 
  <District>SOMA Bxx</District> 
  <NumberUnits>0</NumberUnits> 
  <TotalSquarefeet>0</TotalSquarefeet> 
  <ClassRating>1.0</ClassRating> 
  <Developer>Tishman Speyer</Developer> 
  <PrincipleContact /> 
  <Architect>Stavi Architects</Architect> 
  <MarketingSalesCompany>Mark Company</MarketingSalesCompany> 
  <PrincipleLender /> 
  <MapPosX>1905</MapPosX> 
  <MapPosY>18644</MapPosY> 
  <BuildingImageURL>http://www.pulsefactors.com/data/BuildingImage.ashx?id=460</BuildingImageURL> 
  <CompetitiveLandscape>5;Selling complete</CompetitiveLandscape> 
  </Property>
<Property>
  <Name>333-355 1st</Name> 
  <Address>333-355 1st</Address> 
  <District>SOMA Bxx</District> 
  <NumberUnits>0</NumberUnits> 
  <TotalSquarefeet>0</TotalSquarefeet> 
  <ClassRating>1.0</ClassRating> 
  <Developer>Tishman Speyer</Developer> 
  <PrincipleContact /> 
  <Architect>Stavi Architects</Architect> 
  <MarketingSalesCompany>Mark Company</MarketingSalesCompany> 
  <PrincipleLender /> 
  <MapPosX>11342</MapPosX> 
  <MapPosY>15399</MapPosY> 
  <BuildingImageURL>http://www.pulsefactors.com/data/BuildingImage.ashx?id=461</BuildingImageURL> 
  <CompetitiveLandscape>5;Selling complete</CompetitiveLandscape> 
  </Property>
<Property>
  <Name>400 Beale</Name> 
  <Address>400 Beale</Address> 
  <District>SOMA Bxx</District> 
  <NumberUnits>0</NumberUnits> 
  <TotalSquarefeet>0</TotalSquarefeet> 
  <ClassRating>1.0</ClassRating> 
  <Developer>Tishman Speyer</Developer> 
  <PrincipleContact /> 
  <Architect>Stavi Architects</Architect> 
  <MarketingSalesCompany>Mark Company</MarketingSalesCompany> 
  <PrincipleLender /> 
  <MapPosX>12735</MapPosX> 
  <MapPosY>16070</MapPosY> 
  <BuildingImageURL>http://www.pulsefactors.com/data/BuildingImage.ashx?id=462</BuildingImageURL> 
  <CompetitiveLandscape>5;Selling complete</CompetitiveLandscape> 
  </Property>
<Property>
  <Name>765 Market</Name> 
  <Address>765 Market</Address> 
  <District>SOMA Bxx</District> 
  <NumberUnits>0</NumberUnits> 
  <TotalSquarefeet>0</TotalSquarefeet> 
  <ClassRating>1.0</ClassRating> 
  <Developer>Tishman Speyer</Developer> 
  <PrincipleContact /> 
  <Architect>Stavi Architects</Architect> 
  <MarketingSalesCompany>Mark Company</MarketingSalesCompany> 
  <PrincipleLender /> 
  <MapPosX>2469</MapPosX> 
  <MapPosY>14693</MapPosY> 
  <BuildingImageURL>http://www.pulsefactors.com/data/BuildingImage.ashx?id=463</BuildingImageURL> 
  <CompetitiveLandscape>5;Selling complete</CompetitiveLandscape> 
  </Property>
<Property>
  <Name>50 Lansing</Name> 
  <Address>50 Lansing</Address> 
  <District>SOMA Bxx</District> 
  <NumberUnits>0</NumberUnits> 
  <TotalSquarefeet>0</TotalSquarefeet> 
  <ClassRating>1.0</ClassRating> 
  <Developer>Tishman Speyer</Developer> 
  <PrincipleContact /> 
  <Architect>Stavi Architects</Architect> 
  <MarketingSalesCompany>Mark Company</MarketingSalesCompany> 
  <PrincipleLender /> 
  <MapPosX>11000</MapPosX> 
  <MapPosY>14870</MapPosY> 
  <BuildingImageURL>http://www.pulsefactors.com/data/BuildingImage.ashx?id=464</BuildingImageURL> 
  <CompetitiveLandscape>4;Selling started</CompetitiveLandscape> 
  </Property>
<Property>
  <Name>250, 260 King</Name> 
  <Address>250, 260 King</Address> 
  <District>SOMA Bxx</District> 
  <NumberUnits>0</NumberUnits> 
  <TotalSquarefeet>0</TotalSquarefeet> 
  <ClassRating>1.0</ClassRating> 
  <Developer>Tishman Speyer</Developer> 
  <PrincipleContact /> 
  <Architect>Stavi Architects</Architect> 
  <MarketingSalesCompany>Mark Company</MarketingSalesCompany> 
  <PrincipleLender /> 
  <MapPosX>11501</MapPosX> 
  <MapPosY>5979</MapPosY> 
  <BuildingImageURL>http://www.pulsefactors.com/data/BuildingImage.ashx?id=465</BuildingImageURL> 
  <CompetitiveLandscape>4;Selling started</CompetitiveLandscape> 
  </Property>
<Property>
  <Name>501 Beale</Name> 
  <Address>501 Beale</Address> 
  <District>SOMA Bxx</District> 
  <NumberUnits>0</NumberUnits> 
  <TotalSquarefeet>0</TotalSquarefeet> 
  <ClassRating>1.0</ClassRating> 
  <Developer>Tishman Speyer</Developer> 
  <PrincipleContact /> 
  <Architect>Stavi Architects</Architect> 
  <MarketingSalesCompany>Mark Company</MarketingSalesCompany> 
  <PrincipleLender /> 
  <MapPosX>14781</MapPosX> 
  <MapPosY>14711</MapPosY> 
  <BuildingImageURL>http://www.pulsefactors.com/data/BuildingImage.ashx?id=466</BuildingImageURL> 
  <CompetitiveLandscape>4;Selling started</CompetitiveLandscape> 
  </Property>
<Property>
  <Name>235 Berry</Name> 
  <Address>235 Berry</Address> 
  <District>SOMA Bxx</District> 
  <NumberUnits>0</NumberUnits> 
  <TotalSquarefeet>0</TotalSquarefeet> 
  <ClassRating>1.0</ClassRating> 
  <Developer>Tishman Speyer</Developer> 
  <PrincipleContact /> 
  <Architect>Stavi Architects</Architect> 
  <MarketingSalesCompany>Mark Company</MarketingSalesCompany> 
  <PrincipleLender /> 
  <MapPosX>12471</MapPosX> 
  <MapPosY>5327</MapPosY> 
  <BuildingImageURL>http://www.pulsefactors.com/data/BuildingImage.ashx?id=467</BuildingImageURL> 
  <CompetitiveLandscape>4;Selling started</CompetitiveLandscape> 
  </Property>
<Property>
  <Name>555 4th Street</Name> 
  <Address>555 4th Street</Address> 
  <District>SOMA Bxx</District> 
  <NumberUnits>0</NumberUnits> 
  <TotalSquarefeet>0</TotalSquarefeet> 
  <ClassRating>1.0</ClassRating> 
  <Developer>Tishman Speyer</Developer> 
  <PrincipleContact /> 
  <Architect>Stavi Architects</Architect> 
  <MarketingSalesCompany>Mark Company</MarketingSalesCompany> 
  <PrincipleLender /> 
  <MapPosX>8431</MapPosX> 
  <MapPosY>7726</MapPosY> 
  <BuildingImageURL>http://www.pulsefactors.com/data/BuildingImage.ashx?id=468</BuildingImageURL> 
  <CompetitiveLandscape>4;Selling started</CompetitiveLandscape> 
  </Property>
<Property>
  <Name>201 Sansome</Name> 
  <Address>201 Sansome</Address> 
  <District>SOMA Bxx</District> 
  <NumberUnits>0</NumberUnits> 
  <TotalSquarefeet>0</TotalSquarefeet> 
  <ClassRating>1.0</ClassRating> 
  <Developer>Tishman Speyer</Developer> 
  <PrincipleContact /> 
  <Architect>Stavi Architects</Architect> 
  <MarketingSalesCompany>Mark Company</MarketingSalesCompany> 
  <PrincipleLender /> 
  <MapPosX>5396</MapPosX> 
  <MapPosY>20655</MapPosY> 
  <BuildingImageURL>http://www.pulsefactors.com/data/BuildingImage.ashx?id=469</BuildingImageURL> 
  <CompetitiveLandscape>3;Planning approved</CompetitiveLandscape> 
  </Property>
<Property>
  <Name>300 Berry</Name> 
  <Address>300 Berry</Address> 
  <District>SOMA Bxx</District> 
  <NumberUnits>0</NumberUnits> 
  <TotalSquarefeet>0</TotalSquarefeet> 
  <ClassRating>1.0</ClassRating> 
  <Developer>Tishman Speyer</Developer> 
  <PrincipleContact /> 
  <Architect>Stavi Architects</Architect> 
  <MarketingSalesCompany>Mark Company</MarketingSalesCompany> 
  <PrincipleLender /> 
  <MapPosX>10830</MapPosX> 
  <MapPosY>4463</MapPosY> 
  <BuildingImageURL>http://www.pulsefactors.com/data/BuildingImage.ashx?id=470</BuildingImageURL> 
  <CompetitiveLandscape>4;Selling started</CompetitiveLandscape> 
  </Property>
<Property>
  <Name>300 Spear</Name> 
  <Address>300 Spear</Address> 
  <District>SOMA Bxx</District> 
  <NumberUnits>0</NumberUnits> 
  <TotalSquarefeet>0</TotalSquarefeet> 
  <ClassRating>1.0</ClassRating> 
  <Developer>Tishman Speyer</Developer> 
  <PrincipleContact /> 
  <Architect>Stavi Architects</Architect> 
  <MarketingSalesCompany>Mark Company</MarketingSalesCompany> 
  <PrincipleLender /> 
  <MapPosX>13388</MapPosX> 
  <MapPosY>18203</MapPosY> 
  <BuildingImageURL>http://www.pulsefactors.com/data/BuildingImage.ashx?id=471</BuildingImageURL> 
  <CompetitiveLandscape>4;Selling started</CompetitiveLandscape> 
  </Property>
<Property>
  <Name>425 1st Street</Name> 
  <Address>425 1st Street</Address> 
  <District>SOMA Bxx</District> 
  <NumberUnits>0</NumberUnits> 
  <TotalSquarefeet>0</TotalSquarefeet> 
  <ClassRating>1.0</ClassRating> 
  <Developer>Tishman Speyer</Developer> 
  <PrincipleContact /> 
  <Architect>Stavi Architects</Architect> 
  <MarketingSalesCompany>Mark Company</MarketingSalesCompany> 
  <PrincipleLender /> 
  <MapPosX>12153</MapPosX> 
  <MapPosY>14587</MapPosY> 
  <BuildingImageURL>http://www.pulsefactors.com/data/BuildingImage.ashx?id=472</BuildingImageURL> 
  <CompetitiveLandscape>4;Selling started</CompetitiveLandscape> 
  </Property>
<Property>
  <Name>690 Market</Name> 
  <Address>690 Market</Address> 
  <District>SOMA Bxx</District> 
  <NumberUnits>0</NumberUnits> 
  <TotalSquarefeet>0</TotalSquarefeet> 
  <ClassRating>1.0</ClassRating> 
  <Developer>Tishman Speyer</Developer> 
  <PrincipleContact /> 
  <Architect>Stavi Architects</Architect> 
  <MarketingSalesCompany>Mark Company</MarketingSalesCompany> 
  <PrincipleLender /> 
  <MapPosX>3810</MapPosX> 
  <MapPosY>16775</MapPosY> 
  <BuildingImageURL>http://www.pulsefactors.com/data/BuildingImage.ashx?id=473</BuildingImageURL> 
  <CompetitiveLandscape>4;Selling started</CompetitiveLandscape> 
  </Property>
<Property>
  <Name>200 Townsend</Name> 
  <Address>200 Townsend</Address> 
  <District>SOMA Bxx</District> 
  <NumberUnits>0</NumberUnits> 
  <TotalSquarefeet>0</TotalSquarefeet> 
  <ClassRating>1.0</ClassRating> 
  <Developer>Tishman Speyer</Developer> 
  <PrincipleContact /> 
  <Architect>Stavi Architects</Architect> 
  <MarketingSalesCompany>Mark Company</MarketingSalesCompany> 
  <PrincipleLender /> 
  <MapPosX>11536</MapPosX> 
  <MapPosY>7391</MapPosY> 
  <BuildingImageURL>http://www.pulsefactors.com/data/BuildingImage.ashx?id=474</BuildingImageURL> 
  <CompetitiveLandscape>4;Selling started</CompetitiveLandscape> 
  </Property>
<Property>
  <Name>230 Berry</Name> 
  <Address>230 Berry</Address> 
  <District>SOMA Bxx</District> 
  <NumberUnits>0</NumberUnits> 
  <TotalSquarefeet>0</TotalSquarefeet> 
  <ClassRating>1.0</ClassRating> 
  <Developer>Tishman Speyer</Developer> 
  <PrincipleContact /> 
  <Architect>Stavi Architects</Architect> 
  <MarketingSalesCompany>Mark Company</MarketingSalesCompany> 
  <PrincipleLender /> 
  <MapPosX>12277</MapPosX> 
  <MapPosY>5733</MapPosY> 
  <BuildingImageURL>http://www.pulsefactors.com/data/BuildingImage.ashx?id=475</BuildingImageURL> 
  <CompetitiveLandscape>5;Selling complete</CompetitiveLandscape> 
  </Property>
<Property>
  <Name>74 New Montgomery</Name> 
  <Address>74 New Montgomery</Address> 
  <District>SOMA Bxx</District> 
  <NumberUnits>0</NumberUnits> 
  <TotalSquarefeet>0</TotalSquarefeet> 
  <ClassRating>1.0</ClassRating> 
  <Developer>Tishman Speyer</Developer> 
  <PrincipleContact /> 
  <Architect>Stavi Architects</Architect> 
  <MarketingSalesCompany>Mark Company</MarketingSalesCompany> 
  <PrincipleLender /> 
  <MapPosX>5644</MapPosX> 
  <MapPosY>16581</MapPosY> 
  <BuildingImageURL>http://www.pulsefactors.com/data/BuildingImage.ashx?id=476</BuildingImageURL> 
  <CompetitiveLandscape>5;Selling complete</CompetitiveLandscape> 
  </Property>
<Property>
  <Name>325 Berry</Name> 
  <Address>325 Berry</Address> 
  <District>SOMA Bxx</District> 
  <NumberUnits>0</NumberUnits> 
  <TotalSquarefeet>0</TotalSquarefeet> 
  <ClassRating>1.0</ClassRating> 
  <Developer>Tishman Speyer</Developer> 
  <PrincipleContact /> 
  <Architect>Stavi Architects</Architect> 
  <MarketingSalesCompany>Mark Company</MarketingSalesCompany> 
  <PrincipleLender /> 
  <MapPosX>10936</MapPosX> 
  <MapPosY>3845</MapPosY> 
  <BuildingImageURL>http://www.pulsefactors.com/data/BuildingImage.ashx?id=477</BuildingImageURL> 
  <CompetitiveLandscape>5;Selling complete</CompetitiveLandscape> 
  </Property>
<Property>
  <Name>301 Mission</Name> 
  <Address>301 Mission</Address> 
  <District>SOMA Bxx</District> 
  <NumberUnits>0</NumberUnits> 
  <TotalSquarefeet>0</TotalSquarefeet> 
  <ClassRating>1.0</ClassRating> 
  <Developer>Tishman Speyer</Developer> 
  <PrincipleContact /> 
  <Architect>Stavi Architects</Architect> 
  <MarketingSalesCompany>Mark Company</MarketingSalesCompany> 
  <PrincipleLender /> 
  <MapPosX>9578</MapPosX> 
  <MapPosY>19332</MapPosY> 
  <BuildingImageURL>http://www.pulsefactors.com/data/BuildingImage.ashx?id=478</BuildingImageURL> 
  <CompetitiveLandscape>5;Selling complete</CompetitiveLandscape> 
  </Property>
<Property>
  <Name>631 Folsom</Name> 
  <Address>631 Folsom</Address> 
  <District>SOMA Bxx</District> 
  <NumberUnits>0</NumberUnits> 
  <TotalSquarefeet>0</TotalSquarefeet> 
  <ClassRating>1.0</ClassRating> 
  <Developer>Tishman Speyer</Developer> 
  <PrincipleContact /> 
  <Architect>Stavi Architects</Architect> 
  <MarketingSalesCompany>Mark Company</MarketingSalesCompany> 
  <PrincipleLender /> 
  <MapPosX>8714</MapPosX> 
  <MapPosY>13670</MapPosY> 
  <BuildingImageURL>http://www.pulsefactors.com/data/BuildingImage.ashx?id=479</BuildingImageURL> 
  <CompetitiveLandscape>5;Selling complete</CompetitiveLandscape> 
  </Property>
<Property>
  <Name>900 Minnesota</Name> 
  <Address>900 Minnesota</Address> 
  <District>SOMA Bxx</District> 
  <NumberUnits>0</NumberUnits> 
  <TotalSquarefeet>0</TotalSquarefeet> 
  <ClassRating>1.0</ClassRating> 
  <Developer>Tishman Speyer</Developer> 
  <PrincipleContact /> 
  <Architect>Stavi Architects</Architect> 
  <MarketingSalesCompany>Mark Company</MarketingSalesCompany> 
  <PrincipleLender /> 
  <MapPosX>0</MapPosX> 
  <MapPosY>0</MapPosY> 
  <BuildingImageURL>http://www.pulsefactors.com/data/BuildingImage.ashx?id=480</BuildingImageURL> 
  <CompetitiveLandscape>5;Selling complete</CompetitiveLandscape> 
  </Property>
<Property>
  <Name>1160 Mission</Name> 
  <Address>1160 Mission</Address> 
  <District>SOMA Bxx</District> 
  <NumberUnits>0</NumberUnits> 
  <TotalSquarefeet>0</TotalSquarefeet> 
  <ClassRating>1.0</ClassRating> 
  <Developer>Tishman Speyer</Developer> 
  <PrincipleContact /> 
  <Architect>Stavi Architects</Architect> 
  <MarketingSalesCompany>Mark Company</MarketingSalesCompany> 
  <PrincipleLender /> 
  <MapPosX>0</MapPosX> 
  <MapPosY>0</MapPosY> 
  <BuildingImageURL>http://www.pulsefactors.com/data/BuildingImage.ashx?id=481</BuildingImageURL> 
  <CompetitiveLandscape>5;Selling complete</CompetitiveLandscape> 
  </Property>
<Property>
  <Name>733 Front</Name> 
  <Address>733 Front</Address> 
  <District>SOMA Bxx</District> 
  <NumberUnits>0</NumberUnits> 
  <TotalSquarefeet>0</TotalSquarefeet> 
  <ClassRating>1.0</ClassRating> 
  <Developer>Tishman Speyer</Developer> 
  <PrincipleContact /> 
  <Architect>Stavi Architects</Architect> 
  <MarketingSalesCompany>Mark Company</MarketingSalesCompany> 
  <PrincipleLender /> 
  <MapPosX>0</MapPosX> 
  <MapPosY>0</MapPosY> 
  <BuildingImageURL>http://www.pulsefactors.com/data/BuildingImage.ashx?id=482</BuildingImageURL> 
  <CompetitiveLandscape>5;Selling complete</CompetitiveLandscape> 
  </Property>
<Property>
  <Name>45 Lansing</Name> 
  <Address>45 Lansing</Address> 
  <District>SOMA Bxx</District> 
  <NumberUnits>0</NumberUnits> 
  <TotalSquarefeet>0</TotalSquarefeet> 
  <ClassRating>1.0</ClassRating> 
  <Developer>Tishman Speyer</Developer> 
  <PrincipleContact /> 
  <Architect>Stavi Architects</Architect> 
  <MarketingSalesCompany>Mark Company</MarketingSalesCompany> 
  <PrincipleLender /> 
  <MapPosX>11289</MapPosX> 
  <MapPosY>14693</MapPosY> 
  <BuildingImageURL>http://www.pulsefactors.com/data/BuildingImage.ashx?id=483</BuildingImageURL> 
  <CompetitiveLandscape>5;Selling complete</CompetitiveLandscape> 
  </Property>
<Property>
  <Name>375 Fremont</Name> 
  <Address>375 Fremont</Address> 
  <District>SOMA Bxx</District> 
  <NumberUnits>0</NumberUnits> 
  <TotalSquarefeet>0</TotalSquarefeet> 
  <ClassRating>1.0</ClassRating> 
  <Developer>Tishman Speyer</Developer> 
  <PrincipleContact /> 
  <Architect>Stavi Architects</Architect> 
  <MarketingSalesCompany>Mark Company</MarketingSalesCompany> 
  <PrincipleLender /> 
  <MapPosX>12330</MapPosX> 
  <MapPosY>15752</MapPosY> 
  <BuildingImageURL>http://www.pulsefactors.com/data/BuildingImage.ashx?id=484</BuildingImageURL> 
  <CompetitiveLandscape>5;Selling complete</CompetitiveLandscape> 
  </Property>
<Property>
  <Name>250 Brannan</Name> 
  <Address>250 Brannan</Address> 
  <District>SOMA Bxx</District> 
  <NumberUnits>0</NumberUnits> 
  <TotalSquarefeet>0</TotalSquarefeet> 
  <ClassRating>1.0</ClassRating> 
  <Developer>Tishman Speyer</Developer> 
  <PrincipleContact /> 
  <Architect>Stavi Architects</Architect> 
  <MarketingSalesCompany>Mark Company</MarketingSalesCompany> 
  <PrincipleLender /> 
  <MapPosX>13159</MapPosX> 
  <MapPosY>11518</MapPosY> 
  <BuildingImageURL>http://www.pulsefactors.com/data/BuildingImage.ashx?id=485</BuildingImageURL> 
  <CompetitiveLandscape>5;Selling complete</CompetitiveLandscape> 
  </Property>
<Property>
  <Name>340 Fremont</Name> 
  <Address>340 Fremont</Address> 
  <District>SOMA Bxx</District> 
  <NumberUnits>0</NumberUnits> 
  <TotalSquarefeet>0</TotalSquarefeet> 
  <ClassRating>1.0</ClassRating> 
  <Developer>Tishman Speyer</Developer> 
  <PrincipleContact /> 
  <Architect>Stavi Architects</Architect> 
  <MarketingSalesCompany>Mark Company</MarketingSalesCompany> 
  <PrincipleLender /> 
  <MapPosX>11571</MapPosX> 
  <MapPosY>15822</MapPosY> 
  <BuildingImageURL>http://www.pulsefactors.com/data/BuildingImage.ashx?id=486</BuildingImageURL> 
  <CompetitiveLandscape>5;Selling complete</CompetitiveLandscape> 
  </Property>
<Property>
  <Name>300 Spear - Tower Two</Name> 
  <Address>300 Spear - Tower Two</Address> 
  <District>SOMA Bxx</District> 
  <NumberUnits>0</NumberUnits> 
  <TotalSquarefeet>0</TotalSquarefeet> 
  <ClassRating>1.0</ClassRating> 
  <Developer>Tishman Speyer</Developer> 
  <PrincipleContact /> 
  <Architect>Stavi Architects</Architect> 
  <MarketingSalesCompany>Mark Company</MarketingSalesCompany> 
  <PrincipleLender /> 
  <MapPosX>13388</MapPosX> 
  <MapPosY>18203</MapPosY> 
  <BuildingImageURL>http://www.pulsefactors.com/data/BuildingImage.ashx?id=487</BuildingImageURL> 
  <CompetitiveLandscape>5;Selling complete</CompetitiveLandscape> 
  </Property>
<Property>
  <Name>425 First St. Tower Two</Name> 
  <Address>425 First St. Tower Two</Address> 
  <District>SOMA Bxx</District> 
  <NumberUnits>0</NumberUnits> 
  <TotalSquarefeet>0</TotalSquarefeet> 
  <ClassRating>1.0</ClassRating> 
  <Developer>Tishman Speyer</Developer> 
  <PrincipleContact /> 
  <Architect>Stavi Architects</Architect> 
  <MarketingSalesCompany>Mark Company</MarketingSalesCompany> 
  <PrincipleLender /> 
  <MapPosX>12153</MapPosX> 
  <MapPosY>14587</MapPosY> 
  <BuildingImageURL>http://www.pulsefactors.com/data/BuildingImage.ashx?id=488</BuildingImageURL> 
  <CompetitiveLandscape>5;Selling complete</CompetitiveLandscape> 
  </Property>
<Property>
  <Name>201 Folsom (Two Towers)</Name> 
  <Address>201 Folsom (Two Towers)</Address> 
  <District>SOMA Bxx</District> 
  <NumberUnits>0</NumberUnits> 
  <TotalSquarefeet>0</TotalSquarefeet> 
  <ClassRating>1.0</ClassRating> 
  <Developer>Tishman Speyer</Developer> 
  <PrincipleContact /> 
  <Architect>Stavi Architects</Architect> 
  <MarketingSalesCompany>Mark Company</MarketingSalesCompany> 
  <PrincipleLender /> 
  <MapPosX>12647</MapPosX> 
  <MapPosY>17498</MapPosY> 
  <BuildingImageURL>http://www.pulsefactors.com/data/BuildingImage.ashx?id=489</BuildingImageURL> 
  <CompetitiveLandscape>5;Selling complete</CompetitiveLandscape> 
  </Property>
<Property>
  <Name>325 Fremont</Name> 
  <Address>325 Fremont</Address> 
  <District>SOMA Bxx</District> 
  <NumberUnits>0</NumberUnits> 
  <TotalSquarefeet>0</TotalSquarefeet> 
  <ClassRating>1.0</ClassRating> 
  <Developer>Tishman Speyer</Developer> 
  <PrincipleContact /> 
  <Architect>Stavi Architects</Architect> 
  <MarketingSalesCompany>Mark Company</MarketingSalesCompany> 
  <PrincipleLender /> 
  <MapPosX>11677</MapPosX> 
  <MapPosY>16386</MapPosY> 
  <BuildingImageURL>http://www.pulsefactors.com/data/BuildingImage.ashx?id=490</BuildingImageURL> 
  <CompetitiveLandscape>5;Selling complete</CompetitiveLandscape> 
  </Property>
<Property>
  <Name>1410 Market</Name> 
  <Address>1410 Market</Address> 
  <District>SOMA Bxx</District> 
  <NumberUnits>0</NumberUnits> 
  <TotalSquarefeet>0</TotalSquarefeet> 
  <ClassRating>1.0</ClassRating> 
  <Developer>Tishman Speyer</Developer> 
  <PrincipleContact /> 
  <Architect>Stavi Architects</Architect> 
  <MarketingSalesCompany>Mark Company</MarketingSalesCompany> 
  <PrincipleLender /> 
  <MapPosX>0</MapPosX> 
  <MapPosY>0</MapPosY> 
  <BuildingImageURL>http://www.pulsefactors.com/data/BuildingImage.ashx?id=491</BuildingImageURL> 
  <CompetitiveLandscape>5;Selling complete</CompetitiveLandscape> 
  </Property>
<Property>
  <Name>50 1st St.</Name> 
  <Address>50 1st St.</Address> 
  <District>SOMA Bxx</District> 
  <NumberUnits>0</NumberUnits> 
  <TotalSquarefeet>0</TotalSquarefeet> 
  <ClassRating>1.0</ClassRating> 
  <Developer>Tishman Speyer</Developer> 
  <PrincipleContact /> 
  <Architect>Stavi Architects</Architect> 
  <MarketingSalesCompany>Mark Company</MarketingSalesCompany> 
  <PrincipleLender /> 
  <MapPosX>7461</MapPosX> 
  <MapPosY>18715</MapPosY> 
  <BuildingImageURL>http://www.pulsefactors.com/data/BuildingImage.ashx?id=492</BuildingImageURL> 
  <CompetitiveLandscape>5;Selling complete</CompetitiveLandscape> 
  </Property>
<Property>
  <Name>706 Mission</Name> 
  <Address>706 Mission</Address> 
  <District>SOMA Bxx</District> 
  <NumberUnits>0</NumberUnits> 
  <TotalSquarefeet>0</TotalSquarefeet> 
  <ClassRating>1.0</ClassRating> 
  <Developer>Tishman Speyer</Developer> 
  <PrincipleContact /> 
  <Architect>Stavi Architects</Architect> 
  <MarketingSalesCompany>Mark Company</MarketingSalesCompany> 
  <PrincipleLender /> 
  <MapPosX>4110</MapPosX> 
  <MapPosY>14728</MapPosY> 
  <BuildingImageURL>http://www.pulsefactors.com/data/BuildingImage.ashx?id=493</BuildingImageURL> 
  <CompetitiveLandscape>1;Proposed</CompetitiveLandscape> 
  </Property>
<Property>
  <Name>One Ecker Place</Name> 
  <Address>One Ecker Place</Address> 
  <District>SOMA Bxx</District> 
  <NumberUnits>0</NumberUnits> 
  <TotalSquarefeet>0</TotalSquarefeet> 
  <ClassRating>1.0</ClassRating> 
  <Developer>Tishman Speyer</Developer> 
  <PrincipleContact /> 
  <Architect>Stavi Architects</Architect> 
  <MarketingSalesCompany>Mark Company</MarketingSalesCompany> 
  <PrincipleLender /> 
  <MapPosX>7091</MapPosX> 
  <MapPosY>18380</MapPosY> 
  <BuildingImageURL>http://www.pulsefactors.com/data/BuildingImage.ashx?id=494</BuildingImageURL> 
  <CompetitiveLandscape>5;Selling complete</CompetitiveLandscape> 
  </Property>
<Property>
  <Name>60 New Montgomery</Name> 
  <Address>60 New Montgomery</Address> 
  <District>SOMA Bxx</District> 
  <NumberUnits>0</NumberUnits> 
  <TotalSquarefeet>0</TotalSquarefeet> 
  <ClassRating>1.0</ClassRating> 
  <Developer>Tishman Speyer</Developer> 
  <PrincipleContact /> 
  <Architect>Stavi Architects</Architect> 
  <MarketingSalesCompany>Mark Company</MarketingSalesCompany> 
  <PrincipleLender /> 
  <MapPosX>5327</MapPosX> 
  <MapPosY>16316</MapPosY> 
  <BuildingImageURL>http://www.pulsefactors.com/data/BuildingImage.ashx?id=495</BuildingImageURL> 
  <CompetitiveLandscape>5;Selling complete</CompetitiveLandscape> 
  </Property>
<Property>
  <Name>1415 Mission</Name> 
  <Address>1415 Mission</Address> 
  <District>SOMA Bxx</District> 
  <NumberUnits>0</NumberUnits> 
  <TotalSquarefeet>0</TotalSquarefeet> 
  <ClassRating>1.0</ClassRating> 
  <Developer>Tishman Speyer</Developer> 
  <PrincipleContact /> 
  <Architect>Stavi Architects</Architect> 
  <MarketingSalesCompany>Mark Company</MarketingSalesCompany> 
  <PrincipleLender /> 
  <MapPosX>0</MapPosX> 
  <MapPosY>0</MapPosY> 
  <BuildingImageURL>http://www.pulsefactors.com/data/BuildingImage.ashx?id=496</BuildingImageURL> 
  <CompetitiveLandscape>5;Selling complete</CompetitiveLandscape> 
  </Property>
<Property>
  <Name>116 New Montgomery</Name> 
  <Address>116 New Montgomery</Address> 
  <District>SOMA Bxx</District> 
  <NumberUnits>0</NumberUnits> 
  <TotalSquarefeet>0</TotalSquarefeet> 
  <ClassRating>1.0</ClassRating> 
  <Developer>Tishman Speyer</Developer> 
  <PrincipleContact /> 
  <Architect>Stavi Architects</Architect> 
  <MarketingSalesCompany>Mark Company</MarketingSalesCompany> 
  <PrincipleLender /> 
  <MapPosX>5962</MapPosX> 
  <MapPosY>15646</MapPosY> 
  <BuildingImageURL>http://www.pulsefactors.com/data/BuildingImage.ashx?id=497</BuildingImageURL> 
  <CompetitiveLandscape>5;Selling complete</CompetitiveLandscape> 
  </Property>
<Property>
  <Name /> 
  <Address /> 
  <District>Soma A</District> 
  <NumberUnits>0</NumberUnits> 
  <TotalSquarefeet>0</TotalSquarefeet> 
  <ClassRating>0.0</ClassRating> 
  <Developer>Angotti & Reilly</Developer> 
  <PrincipleContact /> 
  <Architect>Alison Spear</Architect> 
  <MarketingSalesCompany>In House</MarketingSalesCompany> 
  <PrincipleLender /> 
  <MapPosX>0</MapPosX> 
  <MapPosY>0</MapPosY> 
  <BuildingImageURL>http://www.pulsefactors.com/data/BuildingImage.ashx?id=498</BuildingImageURL> 
  <CompetitiveLandscape>5;Selling complete</CompetitiveLandscape> 
  </Property>
  </PulseFactorsProperties>